departamento,ventas_2012,tamano_promedio,ventas_por_m2,participacion_pct,filas,tiendas
Despensa y Básicos,85052985.88,130287.6,652.8095,15.2312,1935,45
Comida Fresca,59510812.89,130287.6,456.765,10.6572,1935,45
Artículos del Hogar y Papel,58876083.76,130287.6,451.8932,10.5435,1935,45
Salud y Bienestar,51003352.42,130287.6,391.4674,9.1336,1935,45
Ropa,40183258.61,130757.4369,307.3115,7.196,1925,45
Hogar y Temporada,37849580.53,130287.6,290.5079,6.7781,1935,45
Cuidado del Bebé y la Familia,35790072.73,130287.6,274.7005,6.4093,1935,45
Snacks y Bebidas,35445927.76,130287.6,272.0591,6.3476,1935,45
Electrónica de Consumo,33472398.7,130287.6,256.9116,5.9942,1935,45
no tiene departamento,29431276.26,130287.6,225.8947,5.2705,1935,45
Automotriz,27336093.56,130287.6,209.8135,4.8953,1935,45
Cuidado de Mascotas,26532589.69,130287.6,203.6463,4.7514,1935,45
Juguetes y Juegos,23783096.65,130287.6,182.5431,4.2591,1935,45
"Oficina, Escuela y Manualidades",8187798.52,130287.6,62.844,1.4663,1935,45
Jardín y Vida al Aire Libre,5956192.62,138976.4884,42.8576,1.0666,1765,43
